Submission Number,Submission Title,Author,Number of Comments,Submission ID
1,How Does the Maserati Grecale Trofeo Compare to Other Super-Crossovers? - TheSmokingTire,EloeOmoe,41,143mrkl
2,Think about buying a Grecale GT (base). Any advice / comments / reviews?,phatelectribe,22,13hi01g
3,"I think it‚Äôs a Grecale? Spotted by a friend in Positano, Italy",qtMure,7,14qn16e
4,Happy Birthday Grecale and Katori!,DoktorKaputt,6,14az54p
5,Maserati Grecale Folgore (2024),el_wakim,0,14xudde
6,Grecale owner thoughts / reviews?,MariposaExotica,4,1353s32
7,Video: 2024 Maserati Grecale Folgore,wheelz-me,0,13y7h76
8,No Grecale‚Äôs on the road,kandles310,15,13hm7hq
9,Maserati Grecale Folgore (2024),el_wakim,0,14mgum7
10,New grecale in my small hometown,yamato275,0,149xhw0
11,[World] - 2023 Maserati Grecale Modena: Don't Call it A Comeback Yet,AutoNewsAdmin,0,14adelg
12,How Does the Maserati Grecale Trofeo Compare to Other Super-Crossovers? - TheSmokingTire,EloeOmoe,2,143mqxh
13,Grecale windshield size,z1betha,0,13m1zjg
14,Maserati Unveils All-Electric Grecale Folgore SUV at Shanghai Motor Show 2023,rowthauto,5,12yfjlu
15,Maserati introduces its first fully electric SUV in the 500hp Grecale Folgore,Poker_3070,5,12s0f6p
16,"The Grecale GT is good, the Trofeo is GREAT. Proof in this new video review",Sam55_ldn,0,13rm6lo
17,Video: 2024 Maserati Grecale Folgore,el_wakim,0,13y7ggj
18,Grecale owners. Please share your reviews üôèüèº,iamalita,20,10uebeo
19,New Maserati Grecale,SaveTheRich,8,yhurb1
20,"METEO ~ Allerta Maltempo al Sud, Intenso e Freddo Grecale | 03¬∑04¬∑23",MeteoGrad,0,129gr2i
21,Maserati introducerar sin f√∂rsta helt elektriska SUV med 500 hk Grecale Folgore.,Bilverket,0,12sss0b
22,Is the new maserati grecale a ford puma?,luca1327,91,w5xkvt
23,Maserati introduces its first fully electric SUV in the 500hp Grecale Folgore,GearHeadRealtor,0,12s68uf
24,Grecale feedback?,w47155,3,12gglxl
25,Maserati GRECALE Folgore üáÆüáπ Con 557 CV pi√π potente della TROFEO!,dasautolunettes,0,12saf48
26,SUV OF THE YEAR! 2023 Maserati Grecale Trofeo Review | The Straight Pipes,EloeOmoe,0,12qwxrt
27,Maserati grecale vs porsche macan both base,paxje,8,12gotze
28,Maserati Grecale Folgore (2024),el_wakim,0,12scphz
29,Maserati Grecale Folgore (2024),el_wakim,0,12scpwf
30,Maserati Goes Full Electrcic With SUV Grecale Folgore,SAtechnewsbot,0,12xh3el
31,Maserati Throws Down the Gauntlet With Electric Grecale Folgore SUV,manofmanytastes,0,12yev15
32,Kelley Blue Book: The Maserati Grecale goes electric: When can you get one?,DISANews,0,136gn23
33,Do you guys like the Grecale? I think it is so beautiful !,acridLenoob-,5,108c32r
34,Maserati Grecale electric debuts with 557 horsepower and 500 kilometres of range.,TheAutoShow,0,12syedh
35,"Fianc√©e is trying to decide what‚Äôs best for performance, comfort, and luxury: Maserati Grecale, Porsche Macan, or BMW M440i?",manthatsocietyforgot,7,10tvt3f
36,New Nettuno engine 3.0 V6 for Maserati Grecale,SaveTheRich,7,z6h8x2
37,Taking delivery of a Grecale Modena,LunchPal72,13,zwujtx
38,New Maserati Grecale Trofeo,SaveTheRich,14,z5mvk4
39,2023 Grecale Trofeo,Sam-CarLegion,2,11boofn
40,Limited-edition Barbie Maserati Grecale is pretty in pink,BlackSheepSurferPunk,0,ye1uah
41,"METEO ~ Allerta Maltempo al Sud, Intenso e Freddo Grecale | 03¬∑04¬∑23",MeteoGrad,0,129gslw
42,New Maserati Grecale Modena!!,SignificantExamples,0,10a9vbo
43,Maserati Grecale SUV Now Available In North America,thehypehunter,0,10p4mr1
44,I made a video of the brand new Maserati Grecale Trofeo ! Maybe you guys will enjoy it,acridLenoob-,2,zptgw8
45,Maserati Grecale Folgore 2024 - Le premier SUV enti√®rement √©lectrique de la marque,PhotosCar,0,111vg5c
46,2023 Maserati Grecale Debuts With V6 Trofeo And Four Screens,Siebe_13,175,tk2qij
47,Maserati Grecale without camo,Terry___Mcginnis,41,tcnnkl
48,The italian frigates Grecale and Libeccio. [3000x2835],ExplosivePancake9,5,wcszsi
49,"2023 Maserati Grecale ‚ÄúMission From Mars‚Äù, the Official Car of Italian Martians",Apple_Slipper,27,tm182z
50,"2023 Maserati Grecale. White version ‚Ä¢ All PYRENEES ¬∑ France, Spain, Andorra",BusCompetitive6716,0,yevg52
51,New Maserati Grecale Folgore is brand‚Äôs first electric car,besselfunctions,28,tk3nca
52,"""Just rebadge & recolor! No one will notice..."" Maserati Grecale Trofeo's engine bay.",OmniStrife,13,u254gp
53,"Skewed Priorities (ft Vittorio Veneto, Formidable, KC Roma, KC Luigi Torelli, KC Giuseppe Garibaldi, KC Grecale, KC Scirocco)",NitoriAria,5,tkmlru
54,Is the new maserati grecale a ford puma?,luca1327,4,w66lqz
55,"Maserati Grecale 2023: Precios, motor, interior, ficha t√©cnica (+ Im√°genes y v√≠deos)",guerra84,0,yedfnw
56,"2023 Maserati Grecale. White version ‚Ä¢ All PYRENEES ¬∑ France, Spain, Andorra",BusCompetitive6716,0,ybbmob
57,"Maserati Grecale PrimaSerie, una edici√≥n limitada que llegar√° este oto√±o a los Estados Unidos",guerra84,0,wfldw8
58,Barbie-themed Maserati Grecale Trofeo is a collaboration with Neiman Marcus,NewsElfForEnterprise,0,ye06t1
59,Barbie-themed Maserati Grecale Trofeo is a collaboration with Neiman Marcus,NewsElfForEnterprise,0,yfat6n
60,The Maserati Grecale Is Designed For ‚ÄúEveryday Exceptionality‚Äù,Hazys,0,vgeitl
61,"Maserati Grecale PrimaSerie, una edici√≥n limitada que llegar√° este oto√±o a los Estados Unidos",guerra84,0,wfldw9
62,Happy Birthday Grecale and Katori!,DoktorKaputt,21,o171ew
63,Happy Birthday Katori and Grecale!,DoktorKaputt,3,vdnynm
64,Maserati Grecale SUV Prototype Crashes Into A Pole In Turin,skhds,16,qrbq0s
65,Maserati Grecale 2023‚Ä¶en vivo,dasautolunettes,0,v78y6q
66,Smaller Maserati SUV to take on Porsche #Grecale #Maserati,cars4starters,0,x15egn
67,David Beckham Tries Out Maserati Grecale And MC20 Cielo AT Goodwood FOS,el_wakim,0,vl4j0l
68,Electric Maserati Grecale Folgore will have over 500 horsepower,AugustusVermillion,13,twh70v
69,New Maserati Grecale 2023 Review,vkentas,3,tkwui0
70,"[Maserati Grecale] photo taken in Bologna, Italy, 20 minutes from the Maserati factory in the middle of Italian motorvalley. Look at the special plate!",BlackEnergy1607,2,ths4d5
71,Maserati Grecale: Stylish SUV to Rival Macan Unveiled,SurferPunkIrish,8,sv26cf
72,"The italian destroyer Grecale, 14th august 1950. [611x388]",ExplosivePancake9,4,r2nfrw
73,Maserati Grecale is the Everyday Exceptional,motortechph,0,tk7o5z
74,The italian destroyer Grecale sailing during a naval review. [1116x592],ExplosivePancake9,2,ry1xss
75,David Beckham Tries Out Maserati Grecale And MC20 Cielo AT Goodwood FOS,el_wakim,0,vl4irw
76,The All-New Maserati Grecale SUV - The Everyday Exceptional,el_wakim,0,tk3oef
77,Gold Reserves Around The World | ŒïŒªŒªŒ¨Œ¥Œ±: 5.2 Œ¥ŒπœÇ $,0dysse_s,2,10t7fjl
78,$STLA 2023 Maserati Grecale Folgore EV Spied Posing Next To GranTurismo BEV,rwoooshed,0,tjduhz
79,Maserati Grecale Trofeo for Test Drive Unlimited Solar Crown?,Kapitalia19,5,tkqw6w
80,"The most unforgivable death so far.. only done 2/18 Monotypes so far, but this one stings SO much. Completely avoidable, and one of the best available Flying types, and one of my favorites.. be careful of the Magnet Pull Magneton of Cooltrainer Clyde in Route 123, Hoenn. RIP Grecale, steel birb",_Pummeluff_,2,tjeeax
81,"Maserati Grecale, COME VA la 2.0 IBRIDA da 330 CV",dasautolunettes,0,tpvan4
82,2023 Maserati Grecale Trofeo,el_wakim,0,u0iv54
83,Grecale [Kantai Collection],HornyHeracross,4,olja9k
84,Maserati reveals all-electric Grecale SUV coming to market in 2023,romain34230,0,tk3stw
85,2024 Maserati Grecale Folgore Spied Testing Its Electric Powertrain,NewsElfForEnterprise,0,tjan29
86,Actualit√© : Maserati Grecale & Grecale Folgore : des SUV thermiques et √©lectrifi√©s pour d√©fier le Porsche Macan,romain34230,0,tmdwtu
87,"2023 Maserati Grecale SUV Debuts With 523-HP Trofeo V6, Folgore EV Versions - Roadshow",romain34230,0,tk3ach
88,[Media] MJNFLT Shipfu Analysis: Grecale (Halloween Spec),ZeonTwoSix,22,jkyd1m
89,What the all-electric future of Maserati will look like | Design boss Klaus Busse outlines his inspiration for the new Maserati Grecale SUV and gives clues of future EVs,RandomCollection,1,ture7t
90,Maserati Grecale Premiere Event,Gear_Captian,3,v8knmp
91,The Maserati Grecale Is Italy‚Äôs Macan Rival,SurferPunkIrish,2,tk6rdw
92,Maserati Grecale Hybrid secondo Motor1.com | La Prova Globale,dasautolunettes,0,v780mj
93,2022 Maserati Grecale Prototype Spied Inside,EloeOmoe,2,sc2m0q
94,"Nave Grecale in soccorso di due motopescherecci ""attenzionati"" da una vedetta libica - Nella serata di ieri, 2 giugno, la fregata Grecale della Marina Militare, attualmente impegnata in attivit√† operativa nell‚Äôarea centromeridionale del Mar Mediterraneo, √® intervenuta in acque internazionali a N...",jcv127,0,v403x9
95,"[2048x1478] The X Squadriglia Esploratori (10th Scout Flotilla) at Cagliari, 1936: top to bottom, Scirocco, Libeccio, Grecale and Maestrale, plus the torpedo-boat Antonio Mosto",Historynerd88,4,nv6kv1
96,2023 Maserati Grecale Targets the Porsche Macan,NewsElfForEnterprise,0,tx450v
97,"Douggie might have to change the downvote button, the Grecale and MC20 look pretty promising ;)",LexGenis,3,txu7vq
98,Model spotted at a shop in Genova - italian DD Grecale. Her armament looks a bit garbage but she's a pretty ship.,AllHisDarkMaterials,11,mxlqj2
99,2023 Maserati Grecale vs Porsche Macan,CarsHunter,0,tr41ve
100,$STLA Italian Automaker Maserati Looks To Leapfrog Others With its Fully-Electric Grecale SUV,rwoooshed,0,tqeiyr
101,"Maserati Grecale, guardate COM'√à FATTA la rivale della PORSCHE MACAN",dasautolunettes,0,tkfc3n
102,Maserati Grecale is the Everyday Exceptional,motortechph,0,tk7owa
103,"Maserati Grecale, COME VA la 2.0 IBRIDA da 330 CV",dasautolunettes,0,to23c8
104,Grecale : voici la premi√®re voiture √©lectrique sign√©e Maserati,romain34230,0,tkpea0
105,"Forget the meaningless letter and number combinations or adding the letter ""e"" to anything! Let's brainstorm good EV names!",TheBlacktom,46,14wyxxu
106,"Maserati unveils new SUV Grecale, full electric version expected next year",LiterallyStonkler,0,tk6f27
107,[Misc][Fluff] Grecale's assets,Eienshi,10,gasfvh
108,Happy Birthday Grecale!,DoktorKaputt,27,ha5mrg
109,Grecale [Kantai Collection],andres1232,2,qbsdbr
110,The All-New Maserati Grecale SUV - The Everyday Exceptional,el_wakim,0,tk3onn
111,Maserati Grecale Hybrid secondo Motor1.com | La Prova Globale,dasautolunettes,0,v77n9u
112,Maserati Grecale Is On The Road Ahead Of The Global Premi√®re,el_wakim,0,stdp83
113,"Spotted a [2023 Maserati Grecale] test mule that is registred in Poland for some reason in Malm√∂, Sweden.",UrbanerBeet145,3,pu2uiv
114,2023 Maserati Grecale SUV Takes Aim at Porsche Macan and BMW X3 M,manofmanytastes,0,tkhk4u
115,"The italian destroyer Grecale in Taranto, 1939. [667x410]",ExplosivePancake9,1,pljehk
116,The Maserati Grecale is a super utility vehicle that's lighting quick,swagNextTuber,0,tkdh2y
117,Maserati's New Grecale SUV Is Ready to Take On the Porsche Macan - Roadshow,romain34230,0,tkuh86
118,"2023 Maserati Grecale Midsize SUV Announced, EV Version Coming Next Year",swagNextTuber,0,tkr9ch
119,"Libeccio, Grecale and Roma on a Vespa (Annin Musou)",rorikon-janai,1,skr95n
120,Maserati Grecale Is On The Road Ahead Of The Global Premi√®re,el_wakim,1,stdok7
121,"Maserati Grecale spyed in Italy, more in comments.",Dmitrijostakovi,22,lnlp2j
122,Maserati releases more Grecale photos ahead of spring debut,NewsElfForEnterprise,1,sdegut
123,Maserati names new small SUV Grecale for 2021 launch,chbeck,27,iq5sfc
124,"Italian destroyer Grecale passing by the swing bridge of Taranto, 1950 [4642x3510]",Phoenix_jz,5,kl7ezd
125,Maserati Grecale (2023) - Testing At Extreme Temperatures,el_wakim,0,se2s6z
126,Maserati Grecale se toma las calles antes de su debut | AUTO Magazine,AUTOMagazine,0,tg3hi3
127,2023 Maserati Grecale Luxury SUV,vkentas,0,tsb4lx
128,Meet Maserati's new SUV Grecale,swagNextTuber,0,tk3u7a
129,"@Reuters: Maserati unveils new SUV Grecale, full electric version expected next year https://t.co/Mw1WPV45pL https://t.co/IkMka0nuuk",-en-,1,tk6efp
130,Voici la toute premi√®re Maserati √©lectrique (en partie) : la Grecale,romain34230,0,tkprrp
131,Stellantis' Maserati to unveil new Grecale luxury SUV on March 22,DISANews,0,st7632
132,Maserati Grecale Hybrid secondo Motor1.com | La Prova Globale,dasautolunettes,0,v49v51
133,Maserati delays Grecale SUV launch due to chip shortage,jbrennan36,2,qar339
134,Electric Maserati Grecale Folgore will have over 500 horsepower,NewsElfForEnterprise,0,tw402a
135,The italian destroyer Grecale in 1939. [889x534],ExplosivePancake9,1,qkcrk9
136,Maserati delays Grecale SUV launch due to chip shortage,jbrennan36,1,qar2xp
137,Maserati Grecale 2023‚Ä¶en vivo,dasautolunettes,0,v78xew
138,Maserati Grecale crossover to debut Nov. 16,IrishSurferPunk,4,ptyrf7
139,Maserati Grecale 2023,PhotosCar,0,tpc1yg
140,Everything You Need To Know About The New Maserati Grecale SUV,108CA,0,ttgm78
141,"The italian Maestrale class destroyer Grecale moored in Siracusa,in the 1930s.[1788√ó1248]",ExplosivePancake9,7,k1bd09
142,Bridgestone Develops Bespoke Potenza Sport Tyres For New Maserati‚Äôs Grecale,el_wakim,0,tm2j36
143,Spotted the new Maserati Grecale,Marzia_11,3,navaj8
144,Maserati Grecale Global Premiere ‚Äì Here Official Details,NextGenHD-Official,0,tk4fm3
145,Maserati's first electric SUV is the Grecale Folgore,Imaorange410,0,tk5z86
146,Maserati's first electric SUV is the Grecale Folgore,romain34230,0,tk5psd
147,Maserati's first electric SUV is the Grecale Folgore,NewsElfForEnterprise,0,tk6dtx
148,Maserati Grecale SUV to Debut on March 22 - Roadshow,romain34230,0,sticcx
149,Maserati Grecale se toma las calles antes de su debut | AUTO Magazine,AUTOMagazine,0,tg3heb
150,Stellantis‚Äô Maserati to unveil new Grecale luxury SUV on March 22,LiterallyStonkler,0,st6dhj
151,Finding 30 Ferrari + Lamborghini in 2023 Romania - PART 6,3dash__,3,14qo0dp
152,Maserati makes 328-foot-long trident with 80 Grecale test mules,NewsElfForEnterprise,0,qw1glq
153,Maserati Teases Grecale SUV Ahead of March Debut - Roadshow,romain34230,0,sticcf
154,Grecale at the Christmas party (makinaa00) [Kancolle],ShinobuAdorer,1,r7xfvw
155,The Maserati Grecale,AAALWM,0,tycod4
156,2023 Maserati Grecale Trofeo First Drive Review | Entry-level done right,NewsElfForEnterprise,0,tws25y
157,Auto review: The 2023 Maserati Grecale is a new vehicle from a revitalized brand,NewsElfForEnterprise,0,u4huly
158,2023 Maserati Grecale starts taking off its camouflage,NewsElfForEnterprise,1,st4orn
159,"Maserati Grecale, COME VA la 2.0 IBRIDA da 330 CV",dasautolunettes,0,tp70ka
160,[Video] - Meet Maserati's new SUV Grecale | CNN,AutoNewspaperAdmin,0,tk3cz4
161,Maserati Grecale 2022 -Interior and Exterior,4KWorldofCars,0,tkv9zi
162,The Maserati Grecale Is Italy‚Äôs Macan Rival,NewsElfForEnterprise,1,tkdg8w
163,Maserati jumps into luxury EV market with all-electric Grecale compact SUV,romain34230,0,tk2lje
164,"Sapphics of Reddit, what‚Äôs your dream car?",AmIn1amh,155,13npyj4
165,"Going to finance E-Pace today, am I making a mistake?",lamochka95,97,14b57nb
166,What is Maserati doing?,Successful_Cup_1882,4,14yrx91
167,New Maserati Grecale 2023 Review,vkentas,0,tkwuc6
168,Grecale Folgore : le premier SUV √©lectrique de Maserati nous fait d√©j√† de l‚Äô≈ìil,romain34230,0,tkrfmd
169,The Maserati Grecale is an excellent application car that is lighting fixtures fast,dailynewsupdat,0,tkcdvm
170,"$STLA Maserati unveils new SUV Grecale, full electric version expected next year",rwoooshed,0,tk65ss
171,"Maserati Grecale, suv best in class da usare tutti i giorni - Prove e Novit√†",Floor-Proof,0,tk5bac
172,[Video] - Meet Maserati's new SUV Grecale,AutoNewsAdmin,0,tk39je
173,Maserati Grecale Gets A Reveal Date,the_trend_memo,0,pwj3cr
174,List of Data on Cargo space for SUVs,Safren,2,14tgwzr
175,Maserati Grecale Trofeo Tested in Subarctic Climate,CARGlancer,0,rck77g
176,Maserati Grecale price in Australia,JetCarPrice,0,tolzqv
177,"The italian Maestrale class destroyer Grecale while in costruction at the CNR shipyard in Ancona, 1934. [1587x1122]",ExplosivePancake9,1,louk2u
178,Maserati makes 328-foot-long trident with 80 Grecale test mules,NewsElfForEnterprise,0,qw7fq5
179,Maserati Grecale (2023) - Testing At Extreme Temperatures,el_wakim,0,se2rfz
180,@Reuters: Maserati delays Grecale SUV launch due to chip shortage https://t.co/kQiY7UkKns https://t.co/6JuxjOXRR8,-en-,0,qaokhl
181,Maserati Grecale and Alfa Romeo Tonale delayed,NewsElfForEnterprise,1,qalz69
182,[News] Grecale's Halloween mode CGs is implemented,StoneFlame,18,dphshc
183,Maserati Grecale Prototype Shows Compact and Athletic Shape,NewsElfForEnterprise,0,sdb17a
184,Grecale in a kimono,theronin6969,0,kivobd
185,New Maserati Grecale SUV spotted ahead of 16 November reveal,pilaga,0,puf7wj
186,Maserati Grecale SUV will debut on Nov. 16,NewsElfForEnterprise,1,ptcuum
187,Long board support?,Puzzleheaded-Cry5107,9,1516amp
188,[maserrati suv],bigboss1999x,2,1449dxg
189,Grecale,theronin6969,0,kivnf9
190,"Saw this at my school, what car is this?",Slivershadoe,19,13rjypq
191,"Nother & Endless Recall, Nother & Grecale - Future Is Bright [ABYOND]",dawhigit,0,ot92pb
192,"Sportier Maserati Grecale Prototype Spied, Could Be The Trofeo",NewsElfForEnterprise,1,phl1mm
193,"[1020x1600] The Italian destroyer Corazziere in drydock at Taranto, after suffering severe damage to its bow due to a collision with a fellow destroyer, on 3 February 1942; on the left, the destroyer Grecale, likewise under repair",Historynerd88,3,g9rmgz
194,Maserati Grecale and Alfa Romeo Tonale delayed,NewsElfForEnterprise,1,qam1fn
195,Maserati confirms the Grecale SUV will get a high-performance version,NewsElfForEnterprise,0,pd83hr
196,Maserati confirms the Grecale SUV will get a high-performance version,NewsElfForEnterprise,0,pdcucg
197,Stellantis' Maserati delays launch of Grecale SUV due to chip shortage,DISANews,0,qak3lj
198,Maserati Grecale And GranTurismo Teased As Company Celebrates 106th Anniversary,EloeOmoe,2,k4xwkz
199,2022 Maserati Grecale spy photos show new SUV behind Stellantis gates,NewsElfForEnterprise,0,mzb0z8
200,Beach ready Grecale,theronin6969,0,kivnz6
201,Evolution Season 30 Episode 2,dianab0522,0,14gl4j0
202,"Italian maestrale class destroyer Grecale,Taranto 1938.[667 √ó 434]",ExplosivePancake9,1,hzlxue
203,Spotting in Italy !! (only 2023 footage),Wild_Development9739,0,13rt8t3
204,"My 2021 Genesis G80 got totaled, looking to lease a new car with ambient lighting at a ‚Äúreasonable‚Äù price.",CerebralAssass1n,27,14b8td0
205,Maserati Employees Share The Very First Images Of The Grecale SUV 2022 Prototype üÜï,el_wakim,0,lni5gu
206,Evolution Season 30 Episode 4,dianab0522,0,14jt7r5
207,[2048x1275] The destroyer Grecale being towed into Taranto's Mar Piccolo to be repaired after being damaged during the battle of the Duisburg Convoy; the arrows indicate the entrance holes of two shells that hit in the machinery rooms,Historynerd88,3,iyx2df
208,Nother - Dance Like An Animal feat. Grecale (Official Music Video),a_constant_rewinder,0,oj3afh
209,"Naples harbour, May 1938. Left to right, destroyers Maestrale, Grecale, Scirocco, Libeccio, Antonio Da Noli, Ugolino Vivaldi, Luca Tarigo, Nicol√≤ Zeno, Giovanni Da Verrazzano, and training ships Cristoforo Colombo and Amerigo Vespucci. [2208 x 1136]",Lavrentio,3,5ivsiz
210,Evolution Season 30 Episode 1,dianab0522,0,14en2nd
211,[Media] Grecale Voice Line Translations,NotLeyana,8,cyvtd4
212,Evolution Season 30 Episode 3,dianab0522,0,14i3k1g
213,Chibi Grecale,theronin6969,0,kivnoa
214,An Exciting Sneak Peek into India's 2023 Car Lineup: Key Insights and Details on 206 Upcoming Models!,Acceptable-Friend-92,3,13tijl1
215,Evolution Season 30 Episode 5,dianab0522,0,14lkzjp
216,2022 Maserati Grecale spy photos show new SUV behind Stellantis gates,NewsElfForEnterprise,1,mz2au8
217,anthropomorphism blonde_hair blue_eyes blush chocolate ebifurya grecale_(kancolle) heart kantai_collection long_hair skirt thighhighs twintails valentine,kona_8,1,id31ul
218,[Media] Grecale Hourlies Animated,atikabubu,2,d0wegk
219,Some Florida cities part 3,alejandrobarreto230,1,11u002e
220,"Drove behind this on my way to work, no badges. I could only get the one photo, I know it‚Äôs a long shot",valfreeyja,138,11echpt
221,Finding 30 Ferrari + Lamborghini in 2023 Romania - PART 1,3dash__,0,12wefx1
222,Which one to choose,delusional89,4,13usf9a
223,natural/electronic.system. - Grecale,chm0lpc,1,ey6oo2
224,Siloppil - Siloppil - Grecale [Meaculpa] [Meaculpa],Sandbuster18,0,exkl2z
225,"Spotting in Italy - 488 Pista, 992 Heritage and more!!",Wild_Development9739,3,11edeq5
226,Blinking Odometer?,LunchPal72,3,122n60f
227,Please help me decide my next SUV (Canada),ForeignCabinet2916,11,11qofw1
228,Please help me decide my next SUV (Canada),ForeignCabinet2916,8,11qo37m
229,"Quartermaster on USS Nitze (DDG 94), uses a sextant to get the bearing of the ITS Alpino (F 594), Jan. 11, 2023 [6483 x 4322]",XMGAU,21,10ub9o6
230,"Not So Massive, Yet Decent Towing Capacity?",Mkdrayton1969,27,12hz8f8
